symptoms,disease
"I can't stop sneezing and my nose is really runny. I'm also really cold and tired all the time, and I've been coughing a lot. My fever is really high too, like way above normal.",NORMAL
"My nose is extremely runny, and I can't seem to stop sneezing. In addition, I constantly feel cold, exhausted, and I've been coughing a lot. My fever is also really high far above normal.",NORMAL
"I've been sneezing nonstop and I can't seem to shake this chill. I'm feeling really weak and tired, and my cough won't go away. My fever is really high",NORMAL
"I've been sneezing incessantly and I just can't get this chill to go away. I feel so weak and exhausted, and my cough won't stop. My temperature is really high.",NORMAL
I'm constantly sneezing and my body is shaking from being cold. I'm so tired I can barely move and my head is killing me. My fever is through the roof,NORMAL
"I'm constantly sneezing, and the cold is making my body tremble. I'm so exhausted that I can hardly move, and my head hurts. My fever is quite high.",NORMAL
"I've been quite exhausted and ill. I'm sneezing nonstop and am quite cold. My head is throbbing, and I lack energy. Additionally, I have a very high fever and feel like I am on fire.",NORMAL
"I've been feeling really tired and sick. I've been sneezing a lot and I can't seem to get warm. I'm so tired and my head is killing me. And my fever is really high, like I'm boiling.",NORMAL
"I've been quite exhausted and ill. My throat has been quite painful, and I've had a fairly nasty cough. I've got a lot of chills and a pretty high temperature. Just feeling extremely run down and weak",NORMAL
"I've been quite exhausted and ill. I have been sneezing a lot and am having trouble warming up. I'm so exhausted, and my head hurts. And I feel like I am boiling over with my high temperature.",NORMAL
I can't stop sneezing and I feel really tired and crummy. My throat is really sore and I have a lot of gunky stuff in my nose and throat. My neck feels swollen and puffy too.,NORMAL
"I can't stop sneezing, and I'm exhausted and sick. My throat is really uncomfortable, and there is a lot of junk in my nose and throat. My neck is also swollen and puffy.",NORMAL
"I keep sneezing, and I'm miserable and exhausted. I have a lot of gunky things in my nose and throat, and my throat is really hurting. My neck also feels puffy and swollen.",NORMAL
I've been feeling really exhausted and sick to my stomach. I've had a really bad cough and my throat has hurt a lot. I've experienced substantial sinus pressure and a congested nose. I'm really unpleasant and worn out.,NORMAL
I've been sneezing a lot and feeling really tired and sick. There's also a lot of gross stuff coming out of my nose and my throat feels really scratchy. And my neck feels swollen too.,NORMAL
"I've been wheezing a lot and am generally feeling sick and exhausted. My throat feels really scratchy, and a lot of gross stuff is flowing out of my nose. My neck also feels bloated.",NORMAL
"My sinuses feel incredibly congested, and my eyes are continuously red. I just constantly feel drained and exhausted. In addition, I have a lot of uncomfortable phlegm in my throat. My lymph nodes feel bloated, and breathing has been challenging.",NORMAL
My eyes have been really red and my sinuses feel congested. I just don't have any energy and my throat has been really itchy. I've also noticed my lymph nodes are swollen and I've been coughing up a lot of phlegm.,NORMAL
"My sinuses feel stuffy, and my eyes have been quite red. I simply lack energy, and my throat has been really scratchy. Along with the swelling in my lymph nodes, I've also been coughing up a lot of phlegm.",NORMAL
"My eyes are always red and itchy, and my nose feels all stuffy and congested. I just feel kind of sick and tired all the time, and I keep coughing up all this gunk. My throat feels sore and scratchy, and I've noticed that the bumps on my neck are bigger than usual",NORMAL
"My nose always feels stuffy and congested, and my eyes are always red and itching. I have a feeling of being unwell and fatigued, and I keep hacking up this gunk. I have a scratchy, irritated throat, and I've seen that my neck's bumps are larger than usual.",NORMAL
"I keep sneezing, and my eyes don't quit dripping. It's incredibly difficult for me to breathe because it feels like there is something trapped in my throat. I often feel exhausted, and lately, I've had a lot of phlegm. Moreover, my lymph nodes are enlarged.",NORMAL
My eyes are red and watery all the time. I've also had this pressure in my sinuses that won't go away. I'm always feeling tired and I've been having a lot of trouble breathing. I've also had a lot of gunk in my throat and my lymph nodes are swollen.,NORMAL
"My eyes are constantly red and runny. A persistent tightness in my sinuses has also been bothering me. I've been having a lot of difficulties breathing and constantly feel fatigued. In addition, I have a lot of throat mucus and inflamed lymph nodes.",NORMAL
"My nose feels quite clogged, and my eyes are constantly very red and runny. In addition, my chest hurts and I've been having a lot of breathing problems. In addition, my muscles feel quite painful, and I can't smell anything.",NORMAL
"My eyes are usually red and runny, and my nose is always stuffy. I've also been having difficulty breathing and my chest hurts. In addition, I can't smell anything and my muscles are quite painful.",NORMAL
"My eyes are usually red and inflamed, and I have the impression that something is clogging my sinuses. I've been coughing up a lot of gunk, and my chest hurts. I can't smell anything, and my muscles are aching.",NORMAL
"My eyes are always red and swollen, and I feel like there's something blocking my sinuses. I've been coughing up a lot of goo and my chest feels really heavy. I can't smell anything and my muscles are really sore",NORMAL
"I've been coughing a lot and feeling chilly and shivery. My nose has been quite clogged, and I am experiencing facial pressure. I also have a lot of phlegm, and coughing pains my chest. I can't smell anything, and my muscles are aching.",NORMAL
"For days, I've had a nasty cough and cold. My sinuses are clogged, and I have facial pressure. I've also been creating phlegm, and coughing pains my chest. I can't smell anything, and my muscles are aching.",NORMAL
"I've had a nasty cough and cold for days. My sinuses are congested, and I have facial pressure. I've also been coughing up mucus, and it pains my chest. I can't smell anything and my muscles are aching.",NORMAL
"My cough and cold have been awful for days. My sinuses are congested, and my face is under strain. Additionally, I've been coughing up phlegm, and it hurts in my chest. I have no sense of smell, and my muscles hurt a lot.",NORMAL
"I'm coughing nonstop and I'm shivering terribly. I have a stuffy nose and my face is under strain. In addition, my throat is coughing up some nasty gunk, and my chest hurts. My muscles hurt a lot, and I can't smell anything.",NORMAL
I can't stop coughing and I feel really cold. My sinuses are all blocked and I have a lot of mucus. My chest hurts and I can't smell anything. My muscles are also really sore.,NORMAL
"I'm coughing nonstop and am really chilly. My mucus production is excessive, and my sinuses are fully clogged. I can't smell anything, and my chest hurts. My muscles are quite painful as well.",NORMAL
"I can't stop coughing and I'm freezing. My sinuses are completely blocked, and I'm inundated with mucous. My chest hurts, and I'm unable to smell anything. My muscles are also really achy.",NORMAL
"I've been coughing a lot and finding it difficult to breathe. My throat hurts and I feel like I have a lot of phlegm trapped in my chest. My nose has been running a lot, and I've been feeling really congested.",NORMAL
"I've been quite exhausted and ill. My throat has been quite painful, and I've had a fairly nasty cough. I've got a lot of chills and a pretty high temperature. Just feeling extremely run down and weak",NORMAL
"I've been experiencing severe weariness and a sickly sensation. My throat has been really painful and I've had a fairly severe cough. My nose has been quite stuffy, and I've had significant sinus pressure. I'm really miserable and extremely exhausted.",NORMAL
I've been feeling really sick and I've had a lot of fatigue. I've had a really bad cough and my throat has been really sore. I've had a lot of sinus pressure and my nose has been really congested. I just feel really run down and miserable.,NORMAL
"I've been quite exhausted and ill. My throat has been quite painful, and I've had a fairly nasty cough. I've got a lot of chills and a pretty high temperature. Simply put, I feel really run down and feeble.",NORMAL
I've been really weary and ill. I've been suffering from a severe cough and sore throat. I've got a lot of chills and a pretty high temperature.Â I simply feel tired and run down.,NORMAL
"I can't quit sneezing, and my nose is running. I'm also constantly chilly and exhausted, and I've been coughing a lot. My fever is also really high, well above usual.",NORMAL
"I've been feeling awful, with a lot of congestion and a runny nose. I've been coughing a lot and having a lot of chest pain. My fever has been really high, and I've been experiencing severe muscular discomfort.",NORMAL
"My neck is swollen, and I'm exhausted. My throat is scratchy, and my eyes are burning red. My nose is really clogged, and I am experiencing facial pressure. My chest hurts, and I'm unable to smell anything.",NORMAL
"I lack energy and feel like my neck is bloated. My eyes are red, and my throat feels scratchy. I have severe congestion in my nostrils, and my face is under pressure. I can't smell anything, and my chest hurts.",NORMAL
"I feel quite weak, and my lymph nodes are enlarged. My eyes are burning, and my throat hurts. My sinuses are under strain, and my nose is stuffy. I can't smell anything, and my chest hurts.",NORMAL
"I've had a terrible cough and cold for days. My face is tired and my sinuses are blocked. In addition, my chest hurts from the phlegm I've been coughing up. I can't smell, and my muscles are in terrible pain.",NORMAL
"I have red, watery eyes all the time. My sinuses have also been bothered by a constant tightness. My breathing has been quite tough, and I've been feeling worn out all the time. My lymph nodes are irritated, and I also have a lot of throat mucous.",NORMAL
"I always get hot, puffy eyes and the feeling that something is obstructing my sinuses. My chest feels quite heavy, and I've been coughing up a lot of gunk. I have no sense of smell, and my muscles hurt a lot.",NORMAL
"I've been feeling really cold and tired lately, and I've been coughing a lot with chest pain. My heart is beating really fast too, and when I cough, the phlegm is kind of a rusty color.",PNEUMONIA
"I've been coughing a lot recently with chest pain and feeling incredibly chilly and exhausted. Additionally, my heart is thumping rapidly, and the phlegm I cough up has a reddish hue.",PNEUMONIA
"I've been feeling really drained and cold, and I can't stop coughing. It hurts in my chest when I do, and my heart feels like it's racing. The mucus I'm coughing up is a gross brownish color.",PNEUMONIA
"I've been exhausted and chilly, and I can't stop coughing. When I do, it pains in my chest and makes my heart race. My coughing mucous has a disgusting brownish hue.",PNEUMONIA
"I've been having chills and feeling exhausted, and I can't seem to shake this cough. My chest hurts when I cough, and my heart feels like it's going a million miles an hour. The phlegm I'm coughing up is a dirty rust color.",PNEUMONIA
"I've been experiencing chills, feeling worn out, and I can't seem to get rid of this cough. When I cough, my chest aches and my heart feels as like it is beating a million miles per hour. I'm coughing up a nasty rust-colored phlegm.",PNEUMONIA
"I've been feeling really weak and cold lately, and this cough won't go away. It hurts in my chest when I cough, and my heart is pounding. The mucus I'm bringing up is a rusty brown color.",PNEUMONIA
"I've been having chills and feeling really worn out, and this cough won't go away. My chest hurts when I cough, and my heart is racing. The mucus I'm bringing up is a gross brownish color.",PNEUMONIA
"I've been experiencing chills, feel really exhausted, and my cough just won't go away. When I cough, my chest aches and my heart is pounding. It's a disgusting brownish hue, the mucous I'm coming up.",PNEUMONIA
"I have a really high fever, and I'm having trouble breathing. I'm sweating a lot and feeling really cold and tired. My heart is beating really fast, and I have some brownish sputum",PNEUMONIA
"I'm having problems breathing and have a very high fever. I'm perspiring a lot and experiencing extreme fatigue and chilly. My heart is racing, and I'm coughing up some brownish mucus.",PNEUMONIA
"My temperature is very high, and I'm having a hard time breathing. I'm sweating profusely, and I'm shaking with chills. I'm really tired, and my heart is beating really fast. I also have some brownish phlegm coming up",PNEUMONIA
"I'm having trouble breathing, and my fever is really high. I'm drenched in sweat and shivering from the chill. My heart is thumping rapidly, and I'm quite exhausted. Additionally, I'm about to have some brownish phlegm.",PNEUMONIA
"My fever is really high, and I'm having trouble catching my breath. I'm sweating a lot, feeling cold and tired, and my heart is beating really fast. I also have some brownish phlegm coming up.",PNEUMONIA
"I have a really high fever, and I have problems breathing. My heart is racing quite quickly, I'm perspiring a lot, and I feel chilly and exhausted. I'm also about to cough out some brownish phlegm.",PNEUMONIA
"I've been feeling really sick with a high fever, shortness of breath, sweating, chills, and extreme fatigue. My heart rate is rapid, and I've been coughing up a lot of brownish sputum.",PNEUMONIA
"With a high temperature, shortness of breath, sweating, chills, and intense exhaustion, I've been feeling quite poorly. I've been coughing up a lot of brownish phlegm and my pulse rate is racing.",PNEUMONIA
I'm having a really hard time catching my breath and I'm sweating a lot. I feel really sick and have a lot of mucus in my throat. My chest hurts and my heart is racing. The mucus I'm coughing up is dark and looks like rust.,PNEUMONIA
"I'm sweating profusely and finding it difficult to catch my breath. I feel quite ill, and my throat is very mucous. My heart is pounding, and my chest aches. I'm coughing up thick mucous that resembles rust.",PNEUMONIA
"I'm having a lot of trouble breathing and am really uneasy. I'm feeling unwell and am perspiring a lot. My chest hurts and I have a lot of mucus in my throat. My heart is racing, and the hue of the mucus I'm coughing up is off.",PNEUMONIA
I can't seem to get enough air and I'm sweating a lot. I don't feel well and there's a lot of phlegm in my throat. My chest hurts and my heart is racing. The mucus I'm coughing up is reddish in color.,PNEUMONIA
"I'm sweating profusely and can't seem to get enough air. My throat is filled with a lot of mucus, and I don't feel good. My heart is pounding, and my chest aches. I'm coughing up reddish-colored mucous.",PNEUMONIA
I can't seem to catch my breath and I'm sweating a lot. I feel really sick and have a lot of phlegm in my throat. My chest hurts and my heart is racing. The mucus I'm coughing up is yellowish.,PNEUMONIA
"I'm dripping with perspiration and can't seem to catch my breath. My throat is filled with a lot of phlegm, and I feel awful. My heart is pounding, and my chest aches. I'm coughing up brownish mucous.",PNEUMONIA
I'm having a hard time breathing and I feel really uncomfortable. I'm sweating a lot and there's a lot of phlegm in my throat. My chest hurts and my heart is beating fast. The mucus I'm coughing up is brownish.,PNEUMONIA
"I'm having trouble breathing and am quite uneasy. My throat is filled with a lot of phlegm, and I'm perspiring a lot. My heart is racing, and my chest aches. I'm coughing up reddish mucous.",PNEUMONIA
I can't seem to catch my breath and I'm sweating a lot. I feel really sick and have a lot of phlegm in my throat. My chest hurts and my heart is racing. The mucus I'm coughing up is brownish and stringy.,PNEUMONIA
"I'm dripping with perspiration and can't seem to catch my breath. My throat is filled with a lot of phlegm, and I feel awful. My heart is pounding, and my chest aches. I'm coughing up a stringy, brownish mucous.",PNEUMONIA
"I'm drenched with sweat and struggling to breathe. I don't feel well and have a lot of mucous in my throat. My chest aches, and my heart is racing. I'm coughing up mucus that is crimson in colour.",PNEUMONIA
"I've been feeling very lousy, with a high temperature, shortness of breath, sweating, chills, and extreme weariness. My heart is beating, and I've been coughing up a lot of brownish phlegm.",PNEUMONIA
"I have a really high fever, and I have problems breathing. My heart is racing quite quickly, I'm perspiring a lot, and I feel chilly and exhausted. I'm also about to cough out some brownish phlegm.",PNEUMONIA
"My fever is really high, and I'm having difficulty breathing. I'm drenched in sweat and shivering with chills. I'm quite fatigued, and my heart is racing. I'm also expecting some brownish phlegm.",PNEUMONIA
"I've been getting chills, feeling tired, and I can't seem to shake this cough. My chest aches and my heart feels like it's racing at a million miles per hour when I cough. I'm coughing out a foul rusty phlegm.",PNEUMONIA
I'm having a hard time breathing and I feel really uncomfortable. I'm sweating a lot and there's a lot of phlegm in my throat. My chest hurts and my heart is beating fast. The mucus I'm coughing up is brownish.,PNEUMONIA
"I'm having trouble breathing and am really uncomfortable. I'm sweating profusely and have a lot of mucus in my throat. My chest aches, and my heart is racing. I'm coughing up dark mucous.",PNEUMONIA
"I've got a high fever and can't seem to catch my breath. I've been sweating profusely and generally feeling ill and weak. I've also had some quite thick and black phlegm. My chest aches, and my heart has been racing rapidly.",PNEUMONIA
"Lately I've been experiencing chills, fatigue, a cough, a high fever, and difficulty breathing. I've been sweating a lot and just feeling really sick and weak. I've also had some phlegm that's been really thick and dark.",PNEUMONIA
"I've recently been suffering with chills, lethargy, a cough, a high temperature, and difficulties breathing. I've been sweating profusely and generally feeling ill and weak. I've also had some quite thick and black phlegm.",PNEUMONIA
"Lately I've been experiencing chills, fatigue, a cough, a high fever, and difficulty breathing. I've been sweating a lot and just feeling really sick and weak. I've also had some phlegm that's been really thick and dark.",PNEUMONIA
"I've recently been suffering with chills, lethargy, a cough, a high temperature, and difficulties breathing. I've been sweating profusely and generally feeling ill and weak. I've also had some quite thick and red phlegm.",PNEUMONIA
"I've had chills, lethargy, a cough, a high temperature, and difficulties breathing lately. I've been sweating profusely and generally feeling ill and weak. I've also had some quite thick and black phlegm.",PNEUMONIA
"I've been having a lot of respiratory issues lately along with chills, exhaustion, a cough, and a high temperature. I've been sweating profusely and generally feeling ill and weak. My chest aches, and my heart has been racing rapidly.",PNEUMONIA
"I've been suffering with chills, tiredness, and a cough recently. I've been sweating tremendously and feeling overall unwell and weak. I've also had some thick, black phlegm. My chest aches, and my heart has been racing.",PNEUMONIA
"I'm running a temperature and can't seem to catch my breath. I've been sweating tremendously and feeling overall unwell and weak. I've also had some thick, black phlegm. My heart has been beating frantically, and my chest hurts.",PNEUMONIA
"I'm drenched with sweat and can't seem to catch my breath. My throat is clogged with mucus, and I'm miserable. My heart is racing, and my chest aches. I'm coughing up a brownish stringy mucus.",PNEUMONIA
"I'm saturated with sweat and struggling to breathe. My throat is blocked with mucous, and I'm uncomfortable. My heart is racing, and my chest aches. I'm coughing up a darkish stringy mucous.",PNEUMONIA
"I'm having a lot of problems breathing. I'm not feeling good, and I'm sweating a lot. I have a lot of mucous in my throat and my chest hurts. My breathing is laboured, and the phlegm I'm coughing up has an odd tint.",PNEUMONIA
"I have a lot of difficulty breathing. I don't feel well, and I'm perspiring a lot. My chest hurts, and I have a lot of mucus in my throat. I'm having trouble breathing, and the phlegm I'm coughing up has a strange hue.",PNEUMONIA
"I've been coughing a lot and feeling incredibly chilly and exhausted. I have a pretty high fever, and it's difficult for me to breathe. I've been perspiring a lot and generally feeling weak and ill. I've had some quite thick and black phlegm.",PNEUMONIA
"I've recently had chills, exhaustion, a cough, a high temperature, and breathing issues. I've been perspiring a lot and generally feeling weak and ill. I've had some quite thick and black phlegm. My heart has been racing quite quickly.",PNEUMONIA
"I have a runny nose and I am sneezing all the time. My eyes are itchy and often watery, and I am coughing all the time. My head hurts and all the time",NORMAL
I have sore throat and I am sneezing all the time. Sometimes I have swelling on my face like my lips and near my eyes. I just cant stop sneezing once I start sneezing,NORMAL
I hace difficulty in breething and shortness of breath. I cough uncontrollably and get itchy eyes and swelling on my face and other body parts,NORMAL
I have a nasal congestion and blocked nose. Sometimes at night I have chest pain and tightness. I have also lost my sense of smell and taste,NORMAL
I have asthma like symptoms like wheezing and difficulty breathing. I often get fever and have headaches. I feel tired all the time,NORMAL
"I feel tired all the time, I have lost my taste and have a really sore throat. I also get feverish and often have muscle aches. Sometimes my whole body just cramps up",NORMAL
I have been experiencing a loss of appetite and have difficulty swallowing food. I have been suffering from sore throat and runnny nose also.,NORMAL
"I feel fatigued all the time, and have a tingling sensation in my throat. I have also developed flaky skin. Sometimes I get puffy eyes and sometimes puffs up too.",NORMAL
"I have stomach cramps, nausea and diarrhea. My throat is swollen, and I have difficulty breathing. Sometimes at night night I get chest pain and nauseous.",NORMAL
I have itchy and red skin. Sometimes these result in flaking. My face and lips puff up and causes a lot of inconvinience. I get watery eyes sometimes and headches when the puffing gets severe,NORMAL
"I often sneeze and have a runny nose. My eyes are scratchy and frequently runny, and I frequently cough. My head hurts constantly.",NORMAL
"I often sneeze and have a sore throat. My lips and the area around my eyes occasionally swell. Once I start sneezing, I just can't stop.",NORMAL
"I have trouble breathing and get short of breath. I have a dry, hacking cough, itchy eyes, and swelling all over my face and body.",NORMAL
I have a plugged nose and nasal congestion. I occasionally have stiffness and chest discomfort at night. I've also lost my ability to taste and smell.,NORMAL
"I get symptoms of asthma, such as wheezing and breathing problems. I frequently have headaches and fever. All the time, I feel exhausted.",NORMAL
"I always feel exhausted, have bad taste, and have an extremely scratchy throat. I also have muscular pain and heat. My entire body simply cramps up occasionally.",NORMAL
"I've been losing my appetite, and I also have trouble swallowing. My nose has been running, and I have a sore throat.",NORMAL
I'm always worn out and experiencing a tingle in my throat. I've also started to have dry skin. My eyes occasionally swell up,NORMAL
"I feel queasy, nauseous, and dizzy. I have a swelling throat and am having breathing issues. I occasionally have chest discomfort and nausea at night.",NORMAL
"My skin is red and scratchy. These can occasionally flake. My cheeks and lips swell, which is really annoying. I occasionally have headaches and runny eyes because to the puffing.",NORMAL
"I frequently sneeze, and my nose runs. I constantly cough, and my eyes are sore and watery. My head hurts all the time.",NORMAL
I have a sore throat and frequently sneeze. Sometimes the skin around my eyes and my lips swells. I just can't stop sneezing once I get going.,NORMAL
"I have respiratory issues and experience breathlessness. My face and torso are swollen, my eyes are itching, and I have a dry, hacking cough.",NORMAL
"I have nasal congestion and a blocked nose. On occasion, during the night, I have stiffness and chest pain. Additionally, I've lost my senses of taste and smell.",NORMAL
"I get breathing issues and wheezing, which are asthma symptoms. I regularly have fevers and headaches. I constantly feel worn out.",NORMAL
"I always feel worn out, have unpleasant taste in my mouth, and have a really itchy throat. My muscles are also hot and hurting. Sometimes my whole body just cramps up.",NORMAL
"Along with losing my appetite, I've been having swallowing issues. I have a sore throat, and my nose has been running.",NORMAL
I always feel exhausted and have a tickle in my throat. My skin has also started to feel dry. I occasionally get ocular swelling.,NORMAL
"I'm dizzy, nauseated, and shaky. I'm having trouble breathing since my throat is swollen. On occasion, throughout the night, my chest hurts and I feel sick.",NORMAL
"My skin is irritated and inflamed. Sometimes, they can flake. My lips and cheeks expand, and it is really unpleasant. Because of the puffing, I occasionally have headaches and wet eyes.",NORMAL
"My nose runs and I sneeze a lot. My eyes are wet and hurt, and I cough all the time. My head aches constantly.",NORMAL
"I sneeze a lot and have a sore throat. My lips and the skin surrounding my eyes will occasionally swell. Once I start, I just can't stop sneezing.",NORMAL
"I have breathing problems and become out of breath easily. My eyes ache, I have a dry, hacking cough, and my face and body are bloated.",NORMAL
I have a plugged nose and nasal congestion. I occasionally have stiffness and chest discomfort during the night. I've also lost my ability to smell and taste.,NORMAL
"I get wheezing and breathing difficulties, which are asthma symptoms. I frequently have headaches and fever. I'm continuously exhausted.",NORMAL
"I always feel exhausted, have a bad taste in my mouth, and my throat itches a lot. Also heated and painful are my muscles. My entire body can cramp up at times.",NORMAL
"I've been losing my appetite and having trouble swallowing. My nose has been running, and I have a sore throat.",NORMAL
I always get a tickle in my throat and feel fatigued. My skin has begun to feel dry as well. I have ocular edema on occasion.,NORMAL
"I feel queasy, sick, and wobbly. My throat is enlarged and making it difficult for me to breathe. My chest occasionally pains all through the night, and I occasionally feel ill.",NORMAL
My skin is swollen and itchy. They may occasionally flake. It hurts a lot when my cheeks and lips swell. I occasionally get headaches and watery eyes from the puffing.,NORMAL
"I sneeze a lot and my nose is running. My eyes ache and are damp, and I frequently croak. My head hurts all the time.",NORMAL
"I have a sore throat and a lot of sneezing. There are times when the skin around my eyes and my lips swell. I find that once I start, I just cannot stop.",NORMAL
"I have trouble breathing and easily get out of breath. My face and torso are swollen, my eyes hurt, and I have a dry, hacking cough.",NORMAL
"I have nasal congestion and a blocked nose. On occasion, during the night, I have stiffness and chest pain. I've also lost my senses of taste and smell.",NORMAL
"I get breathing issues and wheezing, which are asthma symptoms. I regularly have fevers and headaches. I'm always worn out.",NORMAL
"I frequently have exhaustion, a terrible taste in my mouth, and throat itchiness. My muscles are also burning and uncomfortable. Sometimes I have cramps all throughout my body.",NORMAL
"My appetite has decreased, and I've been having swallowing issues. I have a sore throat, and my nose has been running.",NORMAL
"My throat always tickles, and I'm worn out. Additionally, my skin has started to feel dry. Ocular inflammation occasionally affects me.",NORMAL
"I'm nauseous, ill, and shaky. I have a huge throat, which makes it tough for me to breathe. I occasionally have nighttime chest aches and occasional sickness.",NORMAL
"My skin is itching and swollen. Sometimes, they could flake. My lips and cheeks swelling aches a lot. The puffing occasionally gives me headaches and runny eyes.",NORMAL
I often get aburning sensation in my throat while and especially after eating. Sometimes this also leaves a sour or bitter taste in my mouth and I get nauseos beacuse of this,NORMAL
"I have heartburn and indigestion. I often vomit whatever I eat and have difficultly swallowing food, beacuse the food gets stuck in my throat. I have a nagging pain in my upper abdomen",NORMAL
"I have frequent belching and burping. I have chest pain that often radiates to the back of my neck, jaw and arm. I get a feeling of tightness and pressure on my chest",NORMAL
"I have a persistent sour taste in my mouth, even when I haven't eaten anything acidic. I get frequent hiccups and a feeling of lump in my throat.",NORMAL
"I have a chronic bad breath and a sour taste in my mouth, It sometimes gets difficult to swallow food because of this tingling sensation in my throat",NORMAL
"I get frequent heartburn and indigestion, especially eating spicy foods or fatty foods. I get chest pain that gets worse when I lie down or bend over. I also often have chest pain",NORMAL
"I have a loss of appetite and difficulty swallowing. I often have this persistent feeling of fullness, even after eating small meals. I usually throw up and get heartburn and a tingling sensation in my throat",NORMAL
"I have a sore throat or hoarseness, especially in the morning. I have a chronic nagging pain in my throat and bad breath. I also have frequent belching",NORMAL
"I have a feeling of food or acid backing up into my throat. I chest pain which gets worse if I lie down. I get frequent heartburn or indigestion, after eating food and vomit it out",NORMAL
I feel uneasiness after eating and usually vomit whatever I've eaten. I always have this pain in my abdomen and have really bad acid reflux,NORMAL
"My throat frequently feels like it is burning, especially after eating. Additionally, I occasionally get a sour or bitter aftertaste, which causes me to feel queasy.",NORMAL
"I have indigestion and heartburn. I frequently vomit everything I eat, and I have trouble swallowing food because it gets caught in my throat. My upper abdomen is bothering me.",NORMAL
"My burping and belching are frequent. I frequently get chest discomfort that spreads to the back of my neck, jaw, and arm. I have pressure and tension in my chest.",NORMAL
"Even when I don't have anything acidic in my stomach, I constantly have a sour taste in my mouth. I frequently have hiccups and a lump in my throat.",NORMAL
"I always have foul breath and a sour taste in my mouth, and occasionally, the tingling in my throat makes it difficult to swallow meals.",NORMAL
"I frequently have heartburn and indigestion, particularly after consuming spicy or fatty foods. When I lie down or stoop over, my chest discomfort worsens. My chest hurts quite a bit too.",NORMAL
"I don't feel like eating, and swallowing is challenging. Even after eating little meals, I frequently get this lingering sense of fullness. Typically, I have heartburn, nausea, and tingling in my throat.",NORMAL
"I often wake up with a sore throat or a scratchy voice. My throat hurts constantly, and I also have poor breath. I also frequently burp.",NORMAL
"I feel as though acid or food is backing up into my throat. My chest hurts, and lying down makes it worse. After eating, I frequently have heartburn or indigestion and throw up.",NORMAL
"After eating, I get queasy and frequently throw up everything I've eaten. I always get severe abdominal ache and have terrible acid reflux.",NORMAL
"Especially after eating, my throat regularly feels like it is burning. I also occasionally get a bitter or sour aftertaste, which makes me feel sick.",NORMAL
"I have heartburn and indigestion. I regularly vomit everything I eat, and food gets stuck in my throat, making it difficult for me to swallow. I have a pain in my upper abdomen.",NORMAL
"Belching and burping are common in me. I often get chest pain that radiates to the back of my neck, my jaw, and my arm. In my chest, there is pressure and stress.",NORMAL
"I get a sour taste in my mouth all the time, even when there is nothing acidic in my stomach. I often get the hiccups and have a lump in my throat.",NORMAL
"I periodically find it challenging to swallow food due to the tingling in my throat, bad breath, and bad taste in my mouth.",NORMAL
" regularly have indigestion and heartburn, especially after eating spicy or fatty foods. My chest pain is worse when I hunch over or lie down. Additionally, my chest hurts a lot.",NORMAL
"I'm not in the mood to eat, and swallowing is difficult. I often have this lingering feeling of fullness even after little meals. My typical symptoms include heartburn, nausea, and throat tingling.",NORMAL
I frequently get a scratchy voice or a painful throat when I wake up. I have bad breath and a continual sore throat. I also vomit a lot.,NORMAL
My throat feels as though food or acid is backing up. Lying down only makes my chest pain more. I regularly have heartburn or indigestion after eating and puke up.,NORMAL
I often feel sick after eating and puke up the entire meal. I constantly get excruciating acid reflux and severe stomach pain.,NORMAL
"My throat often feels like it is burning, especially after eating. A bitter or sour aftertaste that I occasionally experience also makes me feel unwell.",NORMAL
"I have indigestion and heartburn. I frequently vomit everything I eat, and it is hard for me to swallow since food gets caught in my throat. My upper abdomen is in discomfort.",NORMAL
"My tendency is to belch and burp frequently. I frequently get chest pain that spreads to my arm, jaw, and the back of my neck. There is pressure and stress in my chest.",NORMAL
"Even when I don't have anything acidic in my stomach, I constantly have a sour taste in my mouth. I frequently have a lump in my throat and the hiccups.",NORMAL
"Periodically, the tingling in my throat, poor breath, and bad taste in my mouth make it difficult for me to swallow meals.",NORMAL
"I routinely experience heartburn and indigestion, particularly after consuming spicy or fatty foods. When I lean forward or lie down, my chest discomfort becomes worse. My chest hurts a lot as well.",NORMAL
"I don't feel like eating, and swallowing is challenging. Even after little meals, I frequently get this lingering sensation of fullness. My normal symptoms include nausea, heartburn, and tingling in my throat.",NORMAL
"I regularly wake up with a scratchy voice or a sore throat. My throat is constantly irritated, and I have horrible breath. I frequently throw up.",NORMAL
"It feels like food or acid is backing up in my throat. My chest discomfort only becomes worse while I'm lying down. After eating, I frequently have heartburn or indigestion and throw up.",NORMAL
"After eating, I frequently feel unwell and throw up the entire meal. I suffer from painful acid reflux and excruciating stomach discomfort all the time.",NORMAL
"Especially after eating, my throat frequently feels scorching. I occasionally get a bitter or sour aftertaste that makes me feel sick.",NORMAL
"I have heartburn and indigestion. I regularly throw up everything I eat, and swallowing is difficult for me since food gets stuck in my throat. I'm experiencing pain in my upper abdomen.",NORMAL
"I have a tendency to burp and belch regularly. I often get chest discomfort that radiates to my arm, jaw, and neck. My chest feels tight and stressed.",NORMAL
"I always get a sour taste in my mouth, even when I don't have anything acidic in my stomach. I regularly have the hiccups and a knot in my throat.",NORMAL
"I occasionally have trouble swallowing food because of the tingling in my throat, terrible breath, and bad taste in my mouth.",NORMAL
"I frequently have indigestion and heartburn, especially after eating spicy or fatty foods. My chest hurts when I lean forward or while I'm lying down. Additionally, my chest hurts a lot.",NORMAL
I regularly feel sick after eating and puke up the entire meal. I constantly get horrible acid reflux agony and stomach discomfort.,NORMAL
"My throat often feels like it's on fire, especially after eating. I occasionally get an aftertaste that is sour or bitter and makes me feel nauseous.",NORMAL
"Even when I don't have anything acidic in my stomach, I constantly have a sour taste in my mouth. I frequently have a lump in my throat and the hiccups.",NORMAL
"I'm not in the mood to eat, and swallowing is difficult. I often have this lingering feeling of fullness even after little meals. My typical symptoms include heartburn, nausea, and throat tingling.",NORMAL
